region,keyword_family,primary_url,supporting_url,intent,priority,measured_monthly_volume,evidence
佐久市,家族葬,/regions/saku/,/guides/family-funeral/,葬儀形式と相談,P1,未取得,検索意図に基づく設計。各自治体別の検索量は取得していない
佐久市,葬儀・お葬式,/regions/saku/,/guides/first-day/,地域の段取りと相談,P1,未取得,検索意図に基づく設計。各自治体別の検索量は取得していない
佐久市,葬儀屋・葬儀社,/regions/saku/,/guides/choose-funeral-company/,葬儀社選択と対応確認,P1,未取得,検索意図に基づく設計。各自治体別の検索量は取得していない
佐久市,近くの葬儀・近くで葬儀,/regions/saku/,/guides/choose-funeral-company/,搬送と家族の移動,P1,未取得,検索意図に基づく設計。各自治体別の検索量は取得していない
佐久市,病院搬送・亡くなった方の搬送,/regions/saku/,/guides/hospital-transport/,医療確認後の緊急搬送,P1,未取得,検索意図に基づく設計。各自治体別の検索量は取得していない
佐久市,葬儀費用・家族葬費用,/regions/saku/,/guides/funeral-cost/,総額確認,P1,未取得,検索意図に基づく設計。各自治体別の検索量は取得していない
佐久市,樹木葬,/regions/saku/,/guides/local-tree-burial/,契約・個別期間・納骨先,P2,未取得,検索意図に基づく設計。各自治体別の検索量は取得していない
佐久市,お墓・永代供養,/regions/saku/,/guides/grave-selection/,供養と承継,P2,未取得,検索意図に基づく設計。各自治体別の検索量は取得していない
佐久市,互助会・解約,/regions/saku/,/guides/mutual-aid-cancellation/,契約の切り替え,P2,未取得,検索意図に基づく設計。各自治体別の検索量は取得していない
佐久市,葬祭費・死亡後の手続き,/regions/saku/,/guides/funeral-benefit/,行政申請,P2,未取得,検索意図に基づく設計。各自治体別の検索量は取得していない
佐久市,終活・事前相談,/regions/saku/,/guides/preconsultation/,事前に不安を解消,P2,未取得,検索意図に基づく設計。各自治体別の検索量は取得していない
上田市,家族葬,/regions/ueda/,/guides/family-funeral/,葬儀形式と相談,P1,未取得,検索意図に基づく設計。各自治体別の検索量は取得していない
上田市,葬儀・お葬式,/regions/ueda/,/guides/first-day/,地域の段取りと相談,P1,未取得,検索意図に基づく設計。各自治体別の検索量は取得していない
上田市,葬儀屋・葬儀社,/regions/ueda/,/guides/choose-funeral-company/,葬儀社選択と対応確認,P1,未取得,検索意図に基づく設計。各自治体別の検索量は取得していない
上田市,近くの葬儀・近くで葬儀,/regions/ueda/,/guides/choose-funeral-company/,搬送と家族の移動,P1,未取得,検索意図に基づく設計。各自治体別の検索量は取得していない
上田市,病院搬送・亡くなった方の搬送,/regions/ueda/,/guides/hospital-transport/,医療確認後の緊急搬送,P1,未取得,検索意図に基づく設計。各自治体別の検索量は取得していない
上田市,葬儀費用・家族葬費用,/regions/ueda/,/guides/funeral-cost/,総額確認,P1,未取得,検索意図に基づく設計。各自治体別の検索量は取得していない
上田市,樹木葬,/regions/ueda/,/guides/local-tree-burial/,契約・個別期間・納骨先,P2,未取得,検索意図に基づく設計。各自治体別の検索量は取得していない
上田市,お墓・永代供養,/regions/ueda/,/guides/grave-selection/,供養と承継,P2,未取得,検索意図に基づく設計。各自治体別の検索量は取得していない
上田市,互助会・解約,/regions/ueda/,/guides/mutual-aid-cancellation/,契約の切り替え,P2,未取得,検索意図に基づく設計。各自治体別の検索量は取得していない
上田市,葬祭費・死亡後の手続き,/regions/ueda/,/guides/funeral-benefit/,行政申請,P2,未取得,検索意図に基づく設計。各自治体別の検索量は取得していない
上田市,終活・事前相談,/regions/ueda/,/guides/preconsultation/,事前に不安を解消,P2,未取得,検索意図に基づく設計。各自治体別の検索量は取得していない
小諸市,家族葬,/regions/komoro/,/guides/family-funeral/,葬儀形式と相談,P1,未取得,検索意図に基づく設計。各自治体別の検索量は取得していない
小諸市,葬儀・お葬式,/regions/komoro/,/guides/first-day/,地域の段取りと相談,P1,未取得,検索意図に基づく設計。各自治体別の検索量は取得していない
小諸市,葬儀屋・葬儀社,/regions/komoro/,/guides/choose-funeral-company/,葬儀社選択と対応確認,P1,未取得,検索意図に基づく設計。各自治体別の検索量は取得していない
小諸市,近くの葬儀・近くで葬儀,/regions/komoro/,/guides/choose-funeral-company/,搬送と家族の移動,P1,未取得,検索意図に基づく設計。各自治体別の検索量は取得していない
小諸市,病院搬送・亡くなった方の搬送,/regions/komoro/,/guides/hospital-transport/,医療確認後の緊急搬送,P1,未取得,検索意図に基づく設計。各自治体別の検索量は取得していない
小諸市,葬儀費用・家族葬費用,/regions/komoro/,/guides/funeral-cost/,総額確認,P1,未取得,検索意図に基づく設計。各自治体別の検索量は取得していない
小諸市,樹木葬,/regions/komoro/,/guides/local-tree-burial/,契約・個別期間・納骨先,P2,未取得,検索意図に基づく設計。各自治体別の検索量は取得していない
小諸市,お墓・永代供養,/regions/komoro/,/guides/grave-selection/,供養と承継,P2,未取得,検索意図に基づく設計。各自治体別の検索量は取得していない
小諸市,互助会・解約,/regions/komoro/,/guides/mutual-aid-cancellation/,契約の切り替え,P2,未取得,検索意図に基づく設計。各自治体別の検索量は取得していない
小諸市,葬祭費・死亡後の手続き,/regions/komoro/,/guides/funeral-benefit/,行政申請,P2,未取得,検索意図に基づく設計。各自治体別の検索量は取得していない
小諸市,終活・事前相談,/regions/komoro/,/guides/preconsultation/,事前に不安を解消,P2,未取得,検索意図に基づく設計。各自治体別の検索量は取得していない
軽井沢町,家族葬,/regions/karuizawa/,/guides/family-funeral/,葬儀形式と相談,P1,未取得,検索意図に基づく設計。各自治体別の検索量は取得していない
軽井沢町,葬儀・お葬式,/regions/karuizawa/,/guides/first-day/,地域の段取りと相談,P1,未取得,検索意図に基づく設計。各自治体別の検索量は取得していない
軽井沢町,葬儀屋・葬儀社,/regions/karuizawa/,/guides/choose-funeral-company/,葬儀社選択と対応確認,P1,未取得,検索意図に基づく設計。各自治体別の検索量は取得していない
軽井沢町,近くの葬儀・近くで葬儀,/regions/karuizawa/,/guides/choose-funeral-company/,搬送と家族の移動,P1,未取得,検索意図に基づく設計。各自治体別の検索量は取得していない
軽井沢町,病院搬送・亡くなった方の搬送,/regions/karuizawa/,/guides/hospital-transport/,医療確認後の緊急搬送,P1,未取得,検索意図に基づく設計。各自治体別の検索量は取得していない
軽井沢町,葬儀費用・家族葬費用,/regions/karuizawa/,/guides/funeral-cost/,総額確認,P1,未取得,検索意図に基づく設計。各自治体別の検索量は取得していない
軽井沢町,樹木葬,/regions/karuizawa/,/guides/local-tree-burial/,契約・個別期間・納骨先,P2,未取得,検索意図に基づく設計。各自治体別の検索量は取得していない
軽井沢町,お墓・永代供養,/regions/karuizawa/,/guides/grave-selection/,供養と承継,P2,未取得,検索意図に基づく設計。各自治体別の検索量は取得していない
軽井沢町,互助会・解約,/regions/karuizawa/,/guides/mutual-aid-cancellation/,契約の切り替え,P2,未取得,検索意図に基づく設計。各自治体別の検索量は取得していない
軽井沢町,葬祭費・死亡後の手続き,/regions/karuizawa/,/guides/funeral-benefit/,行政申請,P2,未取得,検索意図に基づく設計。各自治体別の検索量は取得していない
軽井沢町,終活・事前相談,/regions/karuizawa/,/guides/preconsultation/,事前に不安を解消,P2,未取得,検索意図に基づく設計。各自治体別の検索量は取得していない
御代田町,家族葬,/regions/miyota/,/guides/family-funeral/,葬儀形式と相談,P1,未取得,検索意図に基づく設計。各自治体別の検索量は取得していない
御代田町,葬儀・お葬式,/regions/miyota/,/guides/first-day/,地域の段取りと相談,P1,未取得,検索意図に基づく設計。各自治体別の検索量は取得していない
御代田町,葬儀屋・葬儀社,/regions/miyota/,/guides/choose-funeral-company/,葬儀社選択と対応確認,P1,未取得,検索意図に基づく設計。各自治体別の検索量は取得していない
御代田町,近くの葬儀・近くで葬儀,/regions/miyota/,/guides/choose-funeral-company/,搬送と家族の移動,P1,未取得,検索意図に基づく設計。各自治体別の検索量は取得していない
御代田町,病院搬送・亡くなった方の搬送,/regions/miyota/,/guides/hospital-transport/,医療確認後の緊急搬送,P1,未取得,検索意図に基づく設計。各自治体別の検索量は取得していない
御代田町,葬儀費用・家族葬費用,/regions/miyota/,/guides/funeral-cost/,総額確認,P1,未取得,検索意図に基づく設計。各自治体別の検索量は取得していない
御代田町,樹木葬,/regions/miyota/,/guides/local-tree-burial/,契約・個別期間・納骨先,P2,未取得,検索意図に基づく設計。各自治体別の検索量は取得していない
御代田町,お墓・永代供養,/regions/miyota/,/guides/grave-selection/,供養と承継,P2,未取得,検索意図に基づく設計。各自治体別の検索量は取得していない
御代田町,互助会・解約,/regions/miyota/,/guides/mutual-aid-cancellation/,契約の切り替え,P2,未取得,検索意図に基づく設計。各自治体別の検索量は取得していない
御代田町,葬祭費・死亡後の手続き,/regions/miyota/,/guides/funeral-benefit/,行政申請,P2,未取得,検索意図に基づく設計。各自治体別の検索量は取得していない
御代田町,終活・事前相談,/regions/miyota/,/guides/preconsultation/,事前に不安を解消,P2,未取得,検索意図に基づく設計。各自治体別の検索量は取得していない
立科町,家族葬,/regions/tateshina/,/guides/family-funeral/,葬儀形式と相談,P1,未取得,検索意図に基づく設計。各自治体別の検索量は取得していない
立科町,葬儀・お葬式,/regions/tateshina/,/guides/first-day/,地域の段取りと相談,P1,未取得,検索意図に基づく設計。各自治体別の検索量は取得していない
立科町,葬儀屋・葬儀社,/regions/tateshina/,/guides/choose-funeral-company/,葬儀社選択と対応確認,P1,未取得,検索意図に基づく設計。各自治体別の検索量は取得していない
立科町,近くの葬儀・近くで葬儀,/regions/tateshina/,/guides/choose-funeral-company/,搬送と家族の移動,P1,未取得,検索意図に基づく設計。各自治体別の検索量は取得していない
立科町,病院搬送・亡くなった方の搬送,/regions/tateshina/,/guides/hospital-transport/,医療確認後の緊急搬送,P1,未取得,検索意図に基づく設計。各自治体別の検索量は取得していない
立科町,葬儀費用・家族葬費用,/regions/tateshina/,/guides/funeral-cost/,総額確認,P1,未取得,検索意図に基づく設計。各自治体別の検索量は取得していない
立科町,樹木葬,/regions/tateshina/,/guides/local-tree-burial/,契約・個別期間・納骨先,P2,未取得,検索意図に基づく設計。各自治体別の検索量は取得していない
立科町,お墓・永代供養,/regions/tateshina/,/guides/grave-selection/,供養と承継,P2,未取得,検索意図に基づく設計。各自治体別の検索量は取得していない
立科町,互助会・解約,/regions/tateshina/,/guides/mutual-aid-cancellation/,契約の切り替え,P2,未取得,検索意図に基づく設計。各自治体別の検索量は取得していない
立科町,葬祭費・死亡後の手続き,/regions/tateshina/,/guides/funeral-benefit/,行政申請,P2,未取得,検索意図に基づく設計。各自治体別の検索量は取得していない
立科町,終活・事前相談,/regions/tateshina/,/guides/preconsultation/,事前に不安を解消,P2,未取得,検索意図に基づく設計。各自治体別の検索量は取得していない
安中市,家族葬,/regions/annaka/,/guides/family-funeral/,葬儀形式と相談,P1,未取得,検索意図に基づく設計。各自治体別の検索量は取得していない
安中市,葬儀・お葬式,/regions/annaka/,/guides/first-day/,地域の段取りと相談,P1,未取得,検索意図に基づく設計。各自治体別の検索量は取得していない
安中市,葬儀屋・葬儀社,/regions/annaka/,/guides/choose-funeral-company/,葬儀社選択と対応確認,P1,未取得,検索意図に基づく設計。各自治体別の検索量は取得していない
安中市,近くの葬儀・近くで葬儀,/regions/annaka/,/guides/choose-funeral-company/,搬送と家族の移動,P1,未取得,検索意図に基づく設計。各自治体別の検索量は取得していない
安中市,病院搬送・亡くなった方の搬送,/regions/annaka/,/guides/hospital-transport/,医療確認後の緊急搬送,P1,未取得,検索意図に基づく設計。各自治体別の検索量は取得していない
安中市,葬儀費用・家族葬費用,/regions/annaka/,/guides/funeral-cost/,総額確認,P1,未取得,検索意図に基づく設計。各自治体別の検索量は取得していない
安中市,樹木葬,/regions/annaka/,/guides/local-tree-burial/,契約・個別期間・納骨先,P2,未取得,検索意図に基づく設計。各自治体別の検索量は取得していない
安中市,お墓・永代供養,/regions/annaka/,/guides/grave-selection/,供養と承継,P2,未取得,検索意図に基づく設計。各自治体別の検索量は取得していない
安中市,互助会・解約,/regions/annaka/,/guides/mutual-aid-cancellation/,契約の切り替え,P2,未取得,検索意図に基づく設計。各自治体別の検索量は取得していない
安中市,葬祭費・死亡後の手続き,/regions/annaka/,/guides/funeral-benefit/,行政申請,P2,未取得,検索意図に基づく設計。各自治体別の検索量は取得していない
安中市,終活・事前相談,/regions/annaka/,/guides/preconsultation/,事前に不安を解消,P2,未取得,検索意図に基づく設計。各自治体別の検索量は取得していない
富岡市,家族葬,/regions/tomioka/,/guides/family-funeral/,葬儀形式と相談,P1,未取得,検索意図に基づく設計。各自治体別の検索量は取得していない
富岡市,葬儀・お葬式,/regions/tomioka/,/guides/first-day/,地域の段取りと相談,P1,未取得,検索意図に基づく設計。各自治体別の検索量は取得していない
富岡市,葬儀屋・葬儀社,/regions/tomioka/,/guides/choose-funeral-company/,葬儀社選択と対応確認,P1,未取得,検索意図に基づく設計。各自治体別の検索量は取得していない
富岡市,近くの葬儀・近くで葬儀,/regions/tomioka/,/guides/choose-funeral-company/,搬送と家族の移動,P1,未取得,検索意図に基づく設計。各自治体別の検索量は取得していない
富岡市,病院搬送・亡くなった方の搬送,/regions/tomioka/,/guides/hospital-transport/,医療確認後の緊急搬送,P1,未取得,検索意図に基づく設計。各自治体別の検索量は取得していない
富岡市,葬儀費用・家族葬費用,/regions/tomioka/,/guides/funeral-cost/,総額確認,P1,未取得,検索意図に基づく設計。各自治体別の検索量は取得していない
富岡市,樹木葬,/regions/tomioka/,/guides/local-tree-burial/,契約・個別期間・納骨先,P2,未取得,検索意図に基づく設計。各自治体別の検索量は取得していない
富岡市,お墓・永代供養,/regions/tomioka/,/guides/grave-selection/,供養と承継,P2,未取得,検索意図に基づく設計。各自治体別の検索量は取得していない
富岡市,互助会・解約,/regions/tomioka/,/guides/mutual-aid-cancellation/,契約の切り替え,P2,未取得,検索意図に基づく設計。各自治体別の検索量は取得していない
富岡市,葬祭費・死亡後の手続き,/regions/tomioka/,/guides/funeral-benefit/,行政申請,P2,未取得,検索意図に基づく設計。各自治体別の検索量は取得していない
富岡市,終活・事前相談,/regions/tomioka/,/guides/preconsultation/,事前に不安を解消,P2,未取得,検索意図に基づく設計。各自治体別の検索量は取得していない
